party,OLS_coefficient,p_value,0.01,0.99,country,period
Social Democratic Party of Austria,-0.1871004500304824,1.0057194746719378e-06,-0.28524178312199466,-0.08895911693897016,AT,2
Freedom Party of Austria,0.4584927895310237,5.51783974344543e-51,0.38391069842075365,0.5330748806412937,AT,2
NEOS -- The New Austria,-0.08352976602862168,0.005877505824569541,-0.16162262011410478,-0.00543691194313857,AT,2
Other,-0.014197705322752446,0.5686734328881266,-0.078452598199071,0.050057187553566106,AT,2
Austrian People's Party,-0.0260891928894338,0.3781653490936342,-0.1024493844566155,0.0502709986777479,AT,2
The Greens -- The Green Alternative,-0.11979541301383904,0.0007601424189001283,-0.21134154919911105,-0.028249276828567038,AT,2
Social Democratic Party of Austria,-0.1540688963400078,2.1546934727422428e-10,-0.216417372428309,-0.09172042025170662,AT,3
Freedom Party of Austria,0.34225417192641805,1.596117255328212e-85,0.29847201797972567,0.38603632587311043,AT,3
NEOS -- The New Austria,-0.10405243224674567,1.790940061378132e-08,-0.15156454440205774,-0.056540320091433574,AT,3
Other,-0.004056110433796623,0.7851218901251741,-0.042393533062679734,0.03428131219508648,AT,3
Austrian People's Party,-0.009038099368470238,0.6111291105444916,-0.054845119053337915,0.03676892031639743,AT,3
The Greens -- The Green Alternative,-0.17129844165003774,5.404864153871355e-15,-0.2275250007331712,-0.11507188256690429,AT,3
Flemish Christian Peoples Party | Christian Democrats & Flemish,0.0027172112685748817,0.9256717534612448,-0.07241758473337001,0.07785200727051977,BE,2
New Flemish Alliance,0.1674886277941175,0.0012495976977748217,0.03392325124520848,0.30105400434302654,BE,2
Confederated ecologists for the organisation of original struggles,-0.11646653724825085,0.00013870628641510422,-0.1950576037715653,-0.03787547072493638,BE,2
Flemish Block | Flemish Interest,0.10540592544501012,0.000668518458750812,0.02569003381890117,0.18512181707111908,BE,2
Party of Liberty and Progress | Flemish Liberals and Democrats,0.037102185376351064,0.3107217205128484,-0.05729268892123166,0.1314970596739338,BE,2
Other,-0.005259988865366208,0.8531363156403493,-0.07855836012015345,0.06803838238942105,BE,2
Agalev -- Green,0.04980405814493848,0.08606860819541753,-0.02499461355795942,0.12460272984783638,BE,2
Socialist Party [Francophone],-0.15191410127848115,1.7397077059850417e-05,-0.2427606794922303,-0.061067523064732024,BE,2
Francophone Democratic Front,-0.10385378975763901,0.0002260655831965995,-0.17627675400826714,-0.03143082550701087,BE,2
Reformist Movement,-0.07421980812334628,0.03341832566663187,-0.16414271167053224,0.015703095423839672,BE,2
Workers' Party of Belgium,-0.03658222176642098,0.21461375664959312,-0.11260053557047961,0.03943609203763765,BE,2
Flemish Christian Peoples Party | Christian Democrats & Flemish,-0.013937297985081778,0.31901868086773516,-0.04997542716389333,0.02210083119372978,BE,3
New Flemish Alliance,-0.08112321376493832,0.0005692498500609343,-0.1417466798004966,-0.020499747729380055,BE,3
Confederated ecologists for the organisation of original struggles,-0.16992974299802374,1.0521132488354508e-32,-0.20641108369012623,-0.13344840230592125,BE,3
Flemish Block | Flemish Interest,-0.04571654333050509,0.0028183420705324216,-0.0851366284507444,-0.006296458210265775,BE,3
Party of Liberty and Progress | Flemish Liberals and Democrats,-0.0812866649049843,2.6800963150857064e-06,-0.12585590163703275,-0.03671742817293585,BE,3
Other,-0.07256154718773192,9.747489322964445e-08,-0.1075777059519127,-0.03754538842355114,BE,3
Agalev -- Green,-0.04485264975886391,0.0015250542524487592,-0.08129299012585736,-0.008412309391870453,BE,3
Socialist Party [Francophone],-0.1441597785107348,1.1156866613999508e-17,-0.18737519821627996,-0.10094435880518966,BE,3
Francophone Democratic Front,-0.08118842152421446,2.960262528439047e-09,-0.11637702297201555,-0.04599982007641338,BE,3
Reformist Movement,-0.09746596561951729,5.043977430865407e-09,-0.140348437770592,-0.05458349346844257,BE,3
Workers' Party of Belgium,-0.05594570491704034,8.852246702371586e-05,-0.09268940541047083,-0.019202004423609843,BE,3
Flemish Christian Peoples Party | Christian Democrats & Flemish,-0.07655549857116271,2.3388605541629996e-12,-0.10464029172511324,-0.048470705417212184,BE,4
New Flemish Alliance,-0.0505060079111988,0.0031221806291034963,-0.09452199826126736,-0.00649001756113024,BE,4
Confederated ecologists for the organisation of original struggles,0.022449446942550827,0.04317739006304686,-0.006151218332014867,0.05105011221711652,BE,4
Flemish Block | Flemish Interest,0.003782373259918468,0.7522235999049959,-0.027083461505043607,0.03464820802488054,BE,4
Party of Liberty and Progress | Flemish Liberals and Democrats,-0.11691561198789557,1.2006494958677092e-17,-0.15205795803070227,-0.08177326594508888,BE,4
Other,0.06701123533356894,6.279264914079623e-10,0.03912144437909025,0.09490102628804763,BE,4
Agalev -- Green,-0.11685617190625708,5.469531871847131e-26,-0.14531854325157978,-0.08839380056093438,BE,4
Socialist Party [Francophone],0.0776243795377015,1.7484073959510032e-09,0.04443720411597025,0.11081155495943276,BE,4
Francophone Democratic Front,0.06639082188114077,4.917298894771411e-10,0.03893045741698265,0.0938511863452989,BE,4
Reformist Movement,0.09132721280171086,1.4312474874437698e-11,0.05654041422190915,0.12611401138151257,BE,4
Workers' Party of Belgium,0.0010643581608610754,0.9235455742438095,-0.027508940443704073,0.029637656765426224,BE,4
The New Right,0.228980439658442,2.817140916298939e-14,0.15221029319237211,0.3057505861245119,DK,3
Danish Social Liberal Party,-0.14824439229764608,1.3196405415899746e-06,-0.2269349439936253,-0.06955384060166686,DK,3
New-Liberal Alliance,0.023448415334187185,0.41322367399258075,-0.050453686662084295,0.09735051733045866,DK,3
Danish Peoples Party,0.03979892831826717,0.16196599964298355,-0.03357203239935833,0.11316988903589267,DK,3
Liberal Party,-0.10681119554892007,0.0014300640304403345,-0.19303898491586824,-0.020583406181971894,DK,3
independent politician,-0.05247512215619042,0.046657967280098925,-0.1204543588548971,0.015504114542516254,DK,3
Other,-0.07864380532980764,0.005258282689131934,-0.15121430664296204,-0.006073304016653222,DK,3
Social Democratic Party (Faroe Islands),-0.058560782207898524,0.03210880982926587,-0.1289754962383456,0.011853931822548527,DK,3
Socialist Peoples Party,-0.05129466432958988,0.06600547517335738,-0.12321096464399822,0.020621635984818455,DK,3
Forward (Greenland),-0.0024683444037737726,0.9252036083428651,-0.07027995827308445,0.0653432694655369,DK,3
Red-Green Alliance,-0.03983615936617975,0.20791555067556136,-0.121397713454927,0.041725394722567505,DK,3
Social Democrats,-0.10753077001224076,0.001523723813198942,-0.19484493507177622,-0.020216604952705303,DK,3
Community of the People,-0.0006905097127257258,0.978854782654502,-0.06788350904234286,0.0665024896168914,DK,3
The Alternative,0.06076993494660238,0.031774293710964165,-0.012158434226181236,0.133698304119386,DK,3
Christian Democrats,-0.025732646586312694,0.46544303493479,-0.11671373046593987,0.06524843729331449,FI,2
independent politician,0.06714391391430585,0.06170028585673486,-0.025510663482070164,0.15979849131068186,FI,2
Centre Party,0.14480506738490923,0.000145227272877477,0.0468627538526564,0.24274738091716205,FI,2
Other,0.03185943363075789,0.34776504033544375,-0.05569830202144272,0.11941716928295851,FI,2
Movement Now,-0.005156298867883803,0.8758329498816562,-0.09033163164489394,0.08001903390912635,FI,2
Green League,0.05471528639743699,0.20543444075915177,-0.05676388410600407,0.16619445690087803,FI,2
Swedish People's Party,0.1244952641037147,0.00015788104199322922,0.039823212071680825,0.20916731613574857,FI,2
Democratic Union | Left Alliance,-0.094165500565211,0.007708757238641614,-0.18518190865542036,-0.0031490924750016414,FI,2
Social Democratic Party of Finland,0.16116693416723352,1.8541598291197798e-05,0.06456334540386494,0.2577705229306021,FI,2
National Coalition Party,-0.03785660141758614,0.3424965952283966,-0.14076536789750235,0.06505216506233005,FI,2
Finnish Party | True Finns,-0.10483871091269203,0.025663075198303405,-0.22592892842375312,0.016251506598369048,FI,2
Christian Democrats,0.047191485510132775,0.02118664227943647,-0.005562444216402403,0.09994541523666794,FI,3
independent politician,-0.09764356302799941,1.8493739017674785e-05,-0.15628350487671758,-0.03900362117928124,FI,3
Centre Party,-0.1091954895352599,1.6770881818604377e-06,-0.16780009457771164,-0.05059088449280816,FI,3
Other,0.16704566518238187,1.4028879412652422e-15,0.11357554859926239,0.22051578176550135,FI,3
Movement Now,0.0038528140652837597,0.8480207479931251,-0.04797768070460637,0.05568330883517389,FI,3
Green League,-0.09162653499582897,0.0007320334377065074,-0.16146427980498773,-0.02178879018667021,FI,3
Swedish People's Party,-0.02627867528416842,0.18706193628718804,-0.07761878866637081,0.025061438098033968,FI,3
Democratic Union | Left Alliance,-0.08406576331183017,0.00021712622151023243,-0.14256257260579824,-0.0255689540178621,FI,3
Social Democratic Party of Finland,-0.1290676648890329,1.0267933478847126e-08,-0.18692132948945905,-0.07121400028860676,FI,3
National Coalition Party,-0.04565807554708569,0.07014987398978959,-0.11063014976869574,0.019313998674524366,FI,3
Finnish Party | True Finns,0.31422568568594345,1.8307361131797195e-28,0.24222417576068503,0.3862271956112019,FI,3
Christian Democrats,0.025484027357338363,0.11422867298901285,-0.016087705201082905,0.06705575991575963,FI,4
independent politician,-0.10131779420878502,1.2742833567822896e-08,-0.14710663535388416,-0.055528953063685875,FI,4
Centre Party,-0.11388280249227409,1.7371678563760345e-10,-0.1597320928160632,-0.06803351216848495,FI,4
Other,0.1136540448495884,1.5092679446646957e-12,0.0723912174062194,0.1549168722929574,FI,4
Movement Now,0.009720677647687654,0.5377308042510567,-0.030927889471160045,0.05036924476653536,FI,4
Green League,-0.02969119008346555,0.13865030102537756,-0.0813531268365897,0.021970746669658602,FI,4
Swedish People's Party,-0.04353145210225044,0.006024058508822169,-0.08435571521528021,-0.002707188989220684,FI,4
Democratic Union | Left Alliance,0.0051449658969731395,0.7831671149294015,-0.04303391898515971,0.05332385077910598,FI,4
Social Democratic Party of Finland,-0.11131152396795964,6.87078871306567e-10,-0.1576881108188094,-0.06493493711710986,FI,4
National Coalition Party,-0.006987802910321545,0.7352494491030381,-0.060240581400359205,0.04626497557971612,FI,4
Finnish Party | True Finns,0.19877856975352326,3.592519864388072e-20,0.14342080983839411,0.2541363296686524,FI,4
Radical Party of the Left,-0.035627861979905306,1.419989120111195e-07,-0.05306050401038581,-0.018195219949424798,FR,1
Socialist Party,-0.1749619095179706,1.1144731104422879e-106,-0.19535567242500662,-0.1545681466109346,FR,1
The Republic Onwards!,-0.2552488671912825,2.852651351626104e-122,-0.2829756240668938,-0.22752211031567118,FR,1
Union for a Popular Movement | The Republicans,-0.09399414334646278,8.28975825051431e-30,-0.11530424070502658,-0.07268404598789897,FR,1
National Front,0.05055302009750466,2.3028123039442885e-11,0.031086704571254824,0.0700193356237545,FR,1
independent politician,-0.15755636876337892,2.9270784376518336e-87,-0.17793184818000515,-0.13718088934675268,FR,1
French Communist Party,-0.04591872485595157,1.9705909872539216e-11,-0.0635404055694153,-0.028297044142487838,FR,1
other right,-0.003846190397935067,0.5649195894856682,-0.02106118277030766,0.013368801974437527,FR,1
Other,-0.11011677613041787,1.2025366123827362e-33,-0.1335289704733454,-0.08670458178749035,FR,1
Republic Arise | France Arise,0.0331280199994032,1.1282467944613178e-06,0.015602814819192193,0.05065322517961421,FR,1
Union of Democrats and Independents,-0.007721774726802232,0.25593844552781814,-0.025231316012715575,0.00978776655911111,FR,1
Union for French Democracy | Democratic Movement,-0.05147597584287959,1.1040818345657019e-13,-0.0693136707999773,-0.03363828088578188,FR,1
Unbowed France,-0.04332874741023442,2.1554429173197802e-06,-0.06687750330682912,-0.019779991513639707,FR,1
Greens,-0.0710676855327535,9.975664761709707e-25,-0.0888714316942206,-0.053263939371286394,FR,1
other left,-0.006502099610034361,0.3304418626866953,-0.023712679331150493,0.010708480111081772,FR,1
Radical Party of the Left,-0.0169880699177102,0.0013268620967741096,-0.03061912921366347,-0.003357010621756931,FR,2
Socialist Party,-0.11036311953090581,1.8556100801101827e-70,-0.12634468415858682,-0.0943815549032248,FR,2
The Republic Onwards!,-0.12025369702658657,1.4134760715298227e-55,-0.13994160002328404,-0.10056579402988909,FR,2
Union for a Popular Movement | The Republicans,-0.017363189072335427,0.009481885383157144,-0.034603590726984323,-0.00012278741768652693,FR,2
National Front,0.07269771726094615,7.004671449150721e-35,0.057516080852180164,0.08787935366971214,FR,2
independent politician,-0.0874447326792799,1.6793115111963074e-51,-0.10233859094098474,-0.07255087441757505,FR,2
French Communist Party,-0.05041335893818856,3.509342692887035e-21,-0.06415141776346775,-0.03667530011290936,FR,2
other right,-0.01033642401666418,0.047970026801700184,-0.02379969401828208,0.003126845984953719,FR,2
Other,-0.041892051463991664,6.352117650805447e-10,-0.05934442279255819,-0.02443968013542514,FR,2
Republic Arise | France Arise,0.01199958125539475,0.021626286427182426,-0.0014575224891996107,0.02545668499998911,FR,2
Union of Democrats and Independents,0.014012782892447721,0.008470055347938195,0.0003029096495254825,0.02772265613536996,FR,2
Union for French Democracy | Democratic Movement,-0.053322543766098476,6.667046336393121e-23,-0.06725309893181455,-0.039391988600382406,FR,2
Unbowed France,0.029263606735812644,3.475386344208157e-05,0.011057133597092678,0.04747007987453261,FR,2
Greens,-0.06313222685870523,6.448771150462784e-32,-0.07694909158040858,-0.04931536213700188,FR,2
other left,-0.003408943205383764,0.5137190233518398,-0.016855337887488,0.010037451476720475,FR,2
Radical Party of the Left,-0.014063613224774427,1.1925961997292095e-05,-0.02233597710942274,-0.005791249340126115,FR,3
Socialist Party,-0.00912117315325173,0.016305029399761806,-0.018902394874588523,0.0006600485680850598,FR,3
The Republic Onwards!,-0.04293464876347845,4.009673768583103e-20,-0.054968825454428175,-0.030900472072528728,FR,3
Union for a Popular Movement | The Republicans,0.14935100745691005,1.8395437923671417e-280,0.13864022716343877,0.16006178775038132,FR,3
National Front,0.1896599782615749,0.0,0.1802221469487238,0.19909780957442602,FR,3
independent politician,-0.039589176479441504,1.6291121810663834e-29,-0.04862558313458336,-0.03055276982429965,FR,3
French Communist Party,0.018496109033945073,1.0890806869128333e-08,0.010162087851080855,0.02683013021680929,FR,3
other right,-0.002188908940881862,0.49017782306069657,-0.010360130786373796,0.005982312904610073,FR,3
Other,0.09603476226864682,3.9094379408373087e-116,0.08525225815326207,0.10681726638403158,FR,3
Republic Arise | France Arise,0.01894968326081158,2.2847414769206226e-09,0.0107827071684318,0.02711665935319136,FR,3
Union of Democrats and Independents,0.06865314137815814,5.289009517104592e-100,0.06033325036257293,0.07697303239374335,FR,3
Union for French Democracy | Democratic Movement,-0.055071402576940945,1.646786879253108e-63,-0.06349671772637182,-0.04664608742751007,FR,3
Unbowed France,0.12187671519264856,6.737311110479306e-173,0.11070244946408773,0.13305098092120937,FR,3
Greens,-0.0079278966307436,0.015233010468074761,-0.016342691585286583,0.0004868983237993809,FR,3
other left,0.00628271063061169,0.04756150168601396,-0.0018854606274505206,0.0144508818886739,FR,3
Radical Party of the Left,-0.030164638519974103,6.948857917068529e-34,-0.03656624865098709,-0.023763028388961112,FR,4
Socialist Party,-0.025743645239542496,1.0088347032391196e-17,-0.03347766236093205,-0.01800962811815294,FR,4
The Republic Onwards!,-0.12512962113164303,2.2314437510020667e-261,-0.13444193709216848,-0.11581730517111757,FR,4
Union for a Popular Movement | The Republicans,0.004581479861601374,0.16185539619392833,-0.0038548341020804263,0.013017793825283175,FR,4
National Front,0.17963714491789962,0.0,0.1723943958870561,0.18687989394874313,FR,4
independent politician,-0.046570082624593584,1.6280085739933415e-66,-0.053529174723839626,-0.03961099052534754,FR,4
French Communist Party,0.012488445360289112,7.146092555362602e-07,0.005999685635086105,0.018977205085492117,FR,4
other right,-0.011835499157435985,1.435345918010484e-06,-0.01816020883436957,-0.005510789480502401,FR,4
Other,0.06522142981768499,1.7012298875242247e-89,0.05685197339479897,0.073590886240571,FR,4
Republic Arise | France Arise,0.022965633581502713,8.581576467133469e-21,0.016641274530083114,0.029289992632922313,FR,4
Union of Democrats and Independents,0.03522848115224095,4.1152297763172215e-45,0.02879249171572388,0.04166447058875802,FR,4
Union for French Democracy | Democratic Movement,-0.08013198124083806,5.3902501768504806e-220,-0.0866395248092058,-0.07362443767247033,FR,4
Unbowed France,0.11054703033555083,6.793690430152879e-245,0.10204407087652607,0.11904998979457558,FR,4
Greens,-0.019676542227109475,7.812538455563417e-15,-0.026198378875574656,-0.013154705578644295,FR,4
other left,0.004946730964563715,0.0439907746527082,-0.001379417797192993,0.011272879726320423,FR,4
Social Democratic Party of Germany,-0.01886809264925738,0.3160879737209004,-0.06735952786069554,0.029623342562180778,DE,1
Christian Democratic Union / Christian Social Union,0.07598304663906119,5.218440781821384e-06,0.03305169502283402,0.11891439825528836,DE,1
independent politician,-0.015168475397397702,0.24600096400476962,-0.048855838477932303,0.018518887683136896,DE,1
Other,-0.0065561227287524995,0.6279836115914559,-0.04141741805562701,0.028305172598122007,DE,1
Alternative for Germany,0.1230992536161734,1.4062203584322628e-12,0.07842860245658476,0.16776990477576204,DE,1
Alliance 90 / Greens,-0.039475193071842385,0.05765181944037893,-0.09304638034042051,0.01409599419673574,DE,1
Free Democratic Party,0.03877398726971805,0.009395082813057851,0.00032121840434948257,0.07722675613508662,DE,1
PDS | The Left,-0.005026582170618465,0.7446534598282383,-0.044792554456670595,0.034739390115433665,DE,1
Social Democratic Party of Germany,-0.10418282879990098,1.423655721331303e-16,-0.13661463524433493,-0.07175102235546706,DE,2
Christian Democratic Union / Christian Social Union,0.015599128651544955,0.12851212656064104,-0.010838255090173598,0.04203651239326351,DE,2
independent politician,-0.0042626582813968675,0.6169751660224148,-0.026219422548471323,0.01769410598567759,DE,2
Other,-0.022352432131087844,0.00981436268649892,-0.044648818340063165,-5.604592211252285e-05,DE,2
Alternative for Germany,0.28924439480272934,3.6004445930000034e-104,0.2552362534456319,0.3232525361598268,DE,2
Alliance 90 / Greens,-0.20998415570276127,6.496647641506065e-60,-0.242916796148103,-0.17705151525741955,DE,2
Free Democratic Party,0.02802041224317401,0.002898132592239105,0.0037881052841406554,0.052252719202207365,DE,2
PDS | The Left,-0.06594084937782109,1.8274661589183378e-10,-0.09256269665074526,-0.039319002104896916,DE,2
Social Democratic Party of Germany,-0.09693344501965262,6.747386293429286e-43,-0.11509137102128239,-0.07877551901802285,DE,3
Christian Democratic Union / Christian Social Union,-0.09774781349554706,7.197040427577619e-64,-0.11263568948279964,-0.08285993750829448,DE,3
independent politician,-0.02061329910080619,1.4588069366473682e-05,-0.032860849727301335,-0.008365748474311048,DE,3
Other,-0.0291740221520704,2.0160136997065923e-09,-0.04170276390795409,-0.016645280396186707,DE,3
Alternative for Germany,0.46168392741338077,0.0,0.4443592420539903,0.47900861277277124,DE,3
Alliance 90 / Greens,-0.1507544815821217,6.524196948144369e-95,-0.1694750060179628,-0.1320339571462806,DE,3
Free Democratic Party,-0.01633308939624443,0.002865631500781892,-0.03044218839751614,-0.002223990394972725,DE,3
PDS | The Left,0.025784948313306168,4.040356496935149e-06,0.01137722541004902,0.040192671216563315,DE,3
Social Democratic Party of Germany,-0.04411672103883839,1.1085106812883547e-14,-0.05882115218296289,-0.029412289894713887,DE,4
Christian Democratic Union / Christian Social Union,-0.012190149975973487,0.009446751893735896,-0.024288147173094243,-9.21527788527287e-05,DE,4
independent politician,-0.001637534011286805,0.6684579911348496,-0.01148688937652798,0.008211821353954372,DE,4
Other,-0.012931147210420768,0.0009609779399988435,-0.023019182625501625,-0.002843111795339911,DE,4
Alternative for Germany,0.4185188222372924,0.0,0.40569862667480283,0.431339017799782,DE,4
Alliance 90 / Greens,-0.1110250014803853,1.1364048212833878e-79,-0.12613102637032453,-0.09591897659044607,DE,4
Free Democratic Party,0.02025481286026679,1.0025961048816554e-05,0.008442647530124716,0.032066978190408865,DE,4
PDS | The Left,0.05405008745923133,1.791563392455415e-32,0.042323894839839685,0.06577628007862298,DE,4
New Democracy,-0.17390582130217852,5.074378302427497e-07,-0.2629396834802557,-0.08487195912410132,GR,2
European Realistic Disobedience Front,-0.037819801428811584,0.01722834839532707,-0.07872383290194941,0.0030842300443262444,GR,2
Communist Party of Greece,0.035719738416053484,0.03716941542861632,-0.00844051063749076,0.07987998746959774,GR,2
independent politician,-0.016061666280896957,0.3169234273521526,-0.05742004533829509,0.02529671277650118,GR,2
Coalition of the Radical Left,0.16891940102287878,1.6710447870217588e-05,0.06794530158197083,0.26989350046378674,GR,2
Other,0.06002367358675839,0.0012493606911077285,0.012132533900247405,0.10791481327326938,GR,2
Panhellenic Socialist Movement,0.014056359410301863,0.4084045147829295,-0.029761812664800356,0.057874531485404085,GR,2
Greek Solution,0.02447081663675233,0.14544959471499297,-0.01884320679932002,0.06778484007282468,GR,2
New Democracy,-0.06803846437348726,0.006831839712247854,-0.1328276120636424,-0.0032493166833321013,GR,3
European Realistic Disobedience Front,-0.025650697177085457,0.035048239036772934,-0.05700004188728258,0.005698647533111667,GR,3
Communist Party of Greece,-0.0036647974523908756,0.7832944945256808,-0.037998019725729026,0.03066842482094727,GR,3
independent politician,-0.02028758188819707,0.09597673512482024,-0.051684739533884624,0.011109575757490484,GR,3
Coalition of the Radical Left,0.06339481934367217,0.0255409930267787,-0.009734251498755259,0.1365238901860996,GR,3
Other,0.2171507027533336,1.1573596209559212e-51,0.18052185888982444,0.2537795466168427,GR,3
Panhellenic Socialist Movement,-0.0021681875473300565,0.8702896042987883,-0.036380187815394587,0.03204381272073447,GR,3
Greek Solution,0.11023415710657894,8.985269287151971e-19,0.07824015589988098,0.1422281583132769,GR,3
New Democracy,-0.03553152722758632,0.16571222899385615,-0.10157331108448073,0.03051025662930809,GR,4
European Realistic Disobedience Front,-0.014036813932983453,0.24163559489036374,-0.04492265755396056,0.016849029687993657,GR,4
Communist Party of Greece,0.03364131143336171,0.010092598963566552,-4.172237464236672e-05,0.06732434524136578,GR,4
independent politician,-0.029282586590835605,0.015007668057184705,-0.060295426280748785,0.0017302530990775736,GR,4
Coalition of the Radical Left,-0.1391960259937566,1.6872356037084797e-06,-0.21403358865653915,-0.06435846333097404,GR,4
Other,0.1442913590377421,6.033085008551622e-24,0.10760916695403967,0.18097355112144453,GR,4
Panhellenic Socialist Movement,-0.007917230659274434,0.5393989397105421,-0.04115513387614525,0.025320672557596385,GR,4
Greek Solution,0.07654802734035876,3.9360143369456465e-10,0.04507644395553803,0.10801961072517949,GR,4
Aontu,0.19431404287518128,9.56157555761148e-49,0.16054664036907623,0.22808144538128633,IE,2
Independents 4 Change,0.0906099295167279,8.631209351754608e-13,0.058040745202714336,0.12317911383074147,IE,2
Sinn Fein,-0.01253914499534801,0.490978501681988,-0.05944754661836873,0.03436925662767271,IE,2
Solidarity -- People Before Profit,-0.05466760612417522,5.151518293426396e-05,-0.08943183586822678,-0.019903376380123648,IE,2
Fine Gael (Familiy of the Irish),-0.16104459733274426,6.929622220990914e-16,-0.2122912414895414,-0.10979795317594712,IE,2
independent politician,0.11010063387929153,1.1901739277891207e-13,0.07195800110796799,0.14824326665061507,IE,2
Fianna Fail,-0.11126481147230036,2.401138034979696e-13,-0.15030570181018818,-0.07222392113441253,IE,2
Other,0.0001544797943702457,0.9904310390261719,-0.03303442611704689,0.033343385705787376,IE,2
Labour Party,-0.11143084321045812,2.6753767734097103e-15,-0.14764150967527637,-0.07522017674563988,IE,2
Green Party,-0.03711765450935969,0.005618848849950476,-0.07164128387150631,-0.002594025147213075,IE,2
Social Democrats,-0.0495497477302284,0.0001316679666231453,-0.08291930862509113,-0.016180186835365665,IE,2
Aontu,0.2221485886118606,7.791499997134073e-210,0.20388012572130035,0.24041705150242085,IE,3
Independents 4 Change,0.057127011021549955,3.3398801433647217e-16,0.0391097208270622,0.07514430121603771,IE,3
Sinn Fein,0.009607805465083039,0.3862760444630726,-0.01895907498752572,0.0381746859176918,IE,3
Solidarity -- People Before Profit,-0.01238498084276994,0.0960188194618178,-0.031552236873527435,0.006782275187987555,IE,3
Fine Gael (Familiy of the Irish),-0.08323041675332093,2.3311695281545586e-13,-0.11246621616052568,-0.053994617346116186,IE,3
independent politician,0.14532256706783303,3.28766370212817e-77,0.1252902277116439,0.16535490642402217,IE,3
Fianna Fail,-0.0067961888325830545,0.41660828952785245,-0.028348377204995237,0.01475599953982913,IE,3
Other,0.030073701666749476,1.9345238009936912e-05,0.01194482252618902,0.048202580807309936,IE,3
Labour Party,-0.02116473885013214,0.007791333074498553,-0.04165207694413488,-0.0006774007561294038,IE,3
Green Party,0.0037575811612583204,0.6108819393939464,-0.015266502840466658,0.0227816651629833,IE,3
Social Democrats,-0.008005161015553316,0.2751485156571228,-0.02690170913006828,0.010891387098961647,IE,3
Aontu,0.21183152178862213,0.0,0.19810777353568632,0.22555527004155795,IE,4
Independents 4 Change,0.05187638769833623,5.569017696283957e-23,0.038348883931036096,0.06540389146563637,IE,4
Sinn Fein,0.04044408232800427,1.1828367889599123e-06,0.01900471972323422,0.06188344493277432,IE,4
Solidarity -- People Before Profit,0.02939780715873077,1.686687890896229e-07,0.014924020331000527,0.04387159398646101,IE,4
Fine Gael (Familiy of the Irish),-0.1424201129451847,1.3610779203629233e-61,-0.16452593118357509,-0.1203142947067943,IE,4
independent politician,0.09353768347173093,6.700468204723644e-55,0.07812739115539968,0.10894797578806217,IE,4
Fianna Fail,-0.09861881265372514,8.62923694900898e-54,-0.11503939743109264,-0.08219822787635765,IE,4
Other,0.023934822577328922,5.709691481755382e-06,0.010347207797812459,0.037522437356845385,IE,4
Labour Party,-0.03391027896165419,1.291692371179437e-08,-0.04926577778030909,-0.018554780142999286,IE,4
Green Party,-0.017479337735487332,0.0015621078526911222,-0.0317139667814015,-0.0032447086895731614,IE,4
Social Democrats,0.002249393135894849,0.6834167529710354,-0.0119592357862081,0.016458022057997797,IE,4
Five Star Movement,0.038202429184074654,0.04889136945601279,-0.011766719270777902,0.08817157763892722,IT,1
Union / Centre,0.015930947079620037,0.21668328929247854,-0.017293709340979502,0.04915560350021958,IT,1
South American Union Italian Emigrants,-0.005450702646163505,0.6700401634592712,-0.038411793403747924,0.02751038811142091,IT,1
South Tyrol Peoples Party,-7.488351057746874e-05,0.9953272812896553,-0.03302153929498111,0.03287177227382618,IT,1
Left,-0.03743169830400839,0.006217306092990594,-0.07266938960326304,-0.002194007004753737,IT,1
Associative Italians Abroad,0.004932424947541977,0.6998640650455363,-0.028035050679664452,0.0378999005747484,IT,1
Democratic Party,-0.17162257962469513,1.8700077539413617e-16,-0.22517667535230013,-0.11806848389709013,IT,1
Other,-0.0977505893638469,1.2762002115454494e-12,-0.13315404973436737,-0.062347128993326416,IT,1
Brothers of Italy,0.020460427414744933,0.14818111818447074,-0.015995122244023444,0.05691597707351331,IT,1
Go Italy -- The People of Freedom,0.01965698464503134,0.17718490292536682,-0.01787238413381451,0.05718635342387719,IT,1
More Europe,-0.08973073990955349,5.942135896783418e-12,-0.12325385649688796,-0.05620762332221903,IT,1
North League,0.10183285921898207,6.128088630509559e-10,0.05950277706164687,0.14416294137631727,IT,1
Italy Alive,-0.0970415075753463,6.8564526046256564e-12,-0.1334042793041233,-0.060678735846569305,IT,1
Democratic Centre,-0.018189215170504664,0.15727679007748127,-0.051324481958758716,0.014946051617749392,IT,1
Five Star Movement,-0.007560962847102811,0.5114236756458579,-0.03722539672170685,0.022103471027501223,IT,2
Union / Centre,-0.0036786877484472347,0.6370799971428616,-0.02376615218473255,0.01640877668783808,IT,2
South American Union Italian Emigrants,-0.007484768526553388,0.33406983897830667,-0.02744632307384396,0.012476786020737186,IT,2
South Tyrol Peoples Party,0.010183786665486461,0.18912551490586765,-0.009794162074685853,0.030161735405658776,IT,2
Left,-0.0899379057007523,1.3025518045369282e-26,-0.11158539121014706,-0.06829042019135755,IT,2
Associative Italians Abroad,0.003768537419715944,0.6269428478515922,-0.016206262961141957,0.023743337800573847,IT,2
Democratic Party,-0.258977540120342,8.905188662368765e-97,-0.2906395213432053,-0.22731555889747876,IT,2
Other,-0.10436178584983449,2.5200885395031902e-36,-0.12565090663890044,-0.08307266506076856,IT,2
Brothers of Italy,0.06490778821566735,5.775846805853937e-14,0.04267808423604845,0.08713749219528626,IT,2
Go Italy -- The People of Freedom,0.04778472532781754,1.2762749068078212e-07,0.02449351774792748,0.0710759329077076,IT,2
More Europe,-0.09660840293588632,1.728652102848436e-33,-0.11718209875803358,-0.07603470711373907,IT,2
North League,0.19505900469607074,7.356666309491959e-85,0.1695258454922813,0.22059216389986017,IT,2
Italy Alive,-0.09732009584842558,6.60489869932092e-31,-0.11894715025182655,-0.0756930414450246,IT,2
Democratic Centre,-0.00046697015594261357,0.9522156425079831,-0.02054228067058906,0.019608340358703832,IT,2
Five Star Movement,-0.05674283005514694,2.3671475731758443e-14,-0.07589293284211168,-0.0375927272681822,IT,3
Union / Centre,0.00010599975593525868,0.9830703097397677,-0.012761829543456012,0.01297382905532653,IT,3
South American Union Italian Emigrants,-0.0026405337247238565,0.5950470642822618,-0.015437279648759263,0.010156212199311551,IT,3
South Tyrol Peoples Party,-0.0011881235891793504,0.8107504265788548,-0.013969391652037942,0.011593144473679241,IT,3
Left,-0.0861946849978106,9.908284470517639e-57,-0.10015341555075301,-0.0722359544448682,IT,3
Associative Italians Abroad,4.3443618938001e-05,0.9930245408168845,-0.012757137690514076,0.012844024928390077,IT,3
Democratic Party,-0.2705982312700984,2.226254606590796e-251,-0.29097836468137894,-0.2502180978588179,IT,3
Other,-0.12650082863640877,5.815053258179235e-120,-0.14042785704562685,-0.1125738002271907,IT,3
Brothers of Italy,0.07335094910259285,2.5318673987161558e-40,0.059158678003667864,0.08754322020151784,IT,3
Go Italy -- The People of Freedom,0.05332747216647933,4.0162274027437505e-20,0.038386697065513294,0.06826824726744536,IT,3
More Europe,-0.06431714461615654,5.392771674240777e-36,-0.07752625442442958,-0.0511080348078835,IT,3
North League,0.19787206789166928,1.9451674143643204e-236,0.18249230360861227,0.2132518321747263,IT,3
Italy Alive,-0.11445545168358467,4.2633805250668634e-101,-0.12821340753946942,-0.10069749582769993,IT,3
Democratic Centre,-0.013085753912675097,0.008662424341653718,-0.02592588578472485,-0.00024562204062534253,IT,3
Five Star Movement,-0.019167619493144467,0.001772793210909157,-0.03496214821891319,-0.003373090767375745,IT,4
Union / Centre,0.00014972301372350927,0.9706972537103293,-0.01034946382266895,0.010648909850115969,IT,4
South American Union Italian Emigrants,-0.0009140292966262875,0.8211570695820584,-0.011329406923192833,0.009501348329940257,IT,4
South Tyrol Peoples Party,-0.0035475841156790474,0.38021038647975025,-0.013961461112340976,0.006866292880982882,IT,4
Left,-0.03253749396152059,2.4788809109457765e-13,-0.04398404223748728,-0.0210909456855539,IT,4
Associative Italians Abroad,0.0005501281084771613,0.8917845787701648,-0.009866080848826573,0.010966337065780896,IT,4
Democratic Party,-0.15677442794220087,4.96076013318909e-127,-0.17356438220396037,-0.13998447368044137,IT,4
Other,-0.047550800014653956,1.804046891411153e-26,-0.05904815519882639,-0.03605344483048152,IT,4
Brothers of Italy,0.12409127090215147,1.694549871721573e-166,0.11251682415495545,0.13566571764934748,IT,4
Go Italy -- The People of Freedom,0.10908652899564396,1.4799617725693337e-117,0.09693140034140024,0.12124165764988767,IT,4
More Europe,-0.04474566786338338,7.701791819690685e-27,-0.05548500999016714,-0.034006325736599625,IT,4
North League,0.2709986016559198,0.0,0.2586231085762583,0.28337409473558134,IT,4
Italy Alive,-0.08277469358432793,3.81671094847691e-79,-0.09407225224363185,-0.07147713492502401,IT,4
Democratic Centre,-0.005742592374849894,0.15605681260259718,-0.01617103389554621,0.004685849145846424,IT,4
GreenLeft,-0.12956520079138573,1.84588310129589e-07,-0.19331520295755367,-0.0658151986252178,NL,1
Socialist Party,-0.06593401221187556,0.00825601665202236,-0.13022659129998082,-0.0016414331237702834,NL,1
Party for Freedom,0.13263035375876722,2.5555944773328034e-05,0.051653774848356315,0.21360693266917813,NL,1
Political Reformed Party,-0.02467984750888446,0.3094350300254022,-0.08729271769406155,0.03793302267629262,NL,1
Democrats 66,-0.18516258096465135,1.676606787515596e-11,-0.2554817346280283,-0.11484342730127438,NL,1
ChristianUnion,-0.011541068597499598,0.6201296923396333,-0.07159093901258189,0.048508801817582686,NL,1
independent politician,0.03761603465102541,0.10965872187694817,-0.022999969186308554,0.09823203848835937,NL,1
Christian Democratic Appeal,-0.062298114744443536,0.013452580098752711,-0.12723113341761344,0.0026349039287263676,NL,1
Forum for Democracy,0.2069810077883621,9.285207866415267e-16,0.14138075805687395,0.27258125751985024,NL,1
50PLUS,-0.01957420252044,0.3963312005716282,-0.07908637233150645,0.039937967290626444,NL,1
Labour Party,-0.11573550656994053,1.1889242413515958e-05,-0.18363858759665558,-0.047832425543225476,NL,1
Other,-0.036704543960858815,0.13073915221605265,-0.09932030497014795,0.025911217048430316,NL,1
People's Party for Freedom and Democracy,-0.1504462927078546,3.7859895761730634e-06,-0.23403543369514274,-0.06685715172056644,NL,1
Party for the Animals,-0.031895137885705,0.17819785505509922,-0.09297503855309586,0.02918476278168585,NL,1
Think,-0.014782374634808637,0.5213176077558321,-0.07422720040082972,0.04466245113121245,NL,1
GreenLeft,-0.10228171814555699,2.3111106335355658e-52,-0.11952832493588025,-0.08503511135523373,NL,4
Socialist Party,-0.042115534791659054,8.52392514889166e-11,-0.05881982839249028,-0.025411241190827823,NL,4
Party for Freedom,0.22399833939989394,5.2405062462136e-181,0.2041165114855505,0.2438801673142374,NL,4
Political Reformed Party,0.036015138335907075,5.395884226473319e-09,0.02012114051473432,0.05190913615707983,NL,4
Democrats 66,-0.08131910636315415,3.024084931412791e-31,-0.0993028135687226,-0.0633353991575857,NL,4
ChristianUnion,0.00446772785774696,0.45619359404042337,-0.010978029498013497,0.019913485213507415,NL,4
independent politician,0.03635446261227744,2.3664984787358078e-09,0.020676358609538155,0.05203256661501673,NL,4
Christian Democratic Appeal,-0.03677044628072991,8.134710149724183e-08,-0.054422005314367965,-0.019118887247091855,NL,4
Forum for Democracy,0.2844767408981072,0.0,0.26607866833196164,0.30287481346425277,NL,4
50PLUS,-0.012333692320784646,0.03986074359524719,-0.027792396452378715,0.0031250118108094253,NL,4
Labour Party,-0.11698565636589525,2.388508509746727e-65,-0.13456579424209197,-0.09940551848969853,NL,4
Other,-0.016220813595547102,0.00964766125991984,-0.03236403092108622,-7.759627000798047e-05,NL,4
People's Party for Freedom and Democracy,-0.09886048436320266,8.002402774620498e-37,-0.11890559986814908,-0.07881536885825624,NL,4
Party for the Animals,-0.02962064492632157,1.953684148865302e-06,-0.045652188306458244,-0.013589101546184892,NL,4
Think,0.037954683632389616,3.575080456259112e-10,0.022373174590477947,0.053536192674301285,NL,4
Coalition for the Renewal of the Republic -- Liberty and Hope,-0.12070751048378743,1.533679173230898e-07,-0.1797695399130398,-0.06164548105453507,PL,1
Democratic Left Alliance,-0.0722340922069792,0.0005202093344432312,-0.12581069734457137,-0.01865748706938703,PL,1
Polish People's Party,-0.14608710192146462,3.892135806151997e-12,-0.19997590050568675,-0.0921983033372425,PL,1
Spring,0.048592122190812,0.07305636275093508,-0.021270225798962226,0.11845447018058622,PL,1
German minority,-0.027273836212411945,0.17962397618703926,-0.0796629742816428,0.025115301856818914,PL,1
Kukiz'15,-0.05392398213108172,0.008846557564416248,-0.10697915315895792,-0.0008688111032055038,PL,1
Civic Platform,-0.5967436665371687,3.4798020963765097e-40,-0.709764364197963,-0.4837229688763744,PL,1
Other,-0.04671216890152134,0.028552175963559447,-0.10167822380069208,0.008253885997649403,PL,1
National Movement,0.0015720066485853928,0.9427795469980345,-0.05489598221326382,0.05803999551043461,PL,1
Law and Justice,-0.17894401124224185,0.0003524341544187245,-0.3078205293826303,-0.05006749310185338,PL,1
Left Together,-0.06996972600045606,0.0008729165326295444,-0.12408136601480993,-0.015858085986102194,PL,1
Coalition for the Renewal of the Republic -- Liberty and Hope,0.0345396746691648,0.009388509038179199,0.00028932992740598323,0.06879001941092361,PL,2
Democratic Left Alliance,-0.024265989957770625,0.05098612405235575,-0.05629840003076936,0.007766420115228111,PL,2
Polish People's Party,-0.0805554408606981,1.2706775315790582e-11,-0.11113295687590757,-0.04997792484548863,PL,2
Spring,-0.12564841814321168,3.194822403077064e-17,-0.16386879840383917,-0.08742803788258419,PL,2
German minority,-0.015417660416513776,0.17978359194715438,-0.04503054434187133,0.014195223508843778,PL,2
Kukiz'15,0.01269685957524756,0.2856036767845042,-0.017939886097053572,0.04333360524754869,PL,2
Civic Platform,-0.4209900880027271,2.627133119733535e-53,-0.49069555213244154,-0.3512846238730126,PL,2
Other,0.02870741802570952,0.01805602064683278,-0.002567901345393215,0.05998273739681226,PL,2
National Movement,0.065016474832713,2.9573671634602786e-07,0.03238018278308041,0.09765276688234559,PL,2
Law and Justice,0.18592519842929367,2.1922850365684433e-12,0.11787345511603754,0.2539769417425498,PL,2
Left Together,-0.06159412309795008,7.675293215892715e-07,-0.09365826082897385,-0.02952998536692631,PL,2
Coalition for the Renewal of the Republic -- Liberty and Hope,0.30644210632346613,3.233354827768077e-150,0.27682003814847567,0.3360641744984566,PL,3
Democratic Left Alliance,-0.04883884555548023,7.580044222279833e-07,-0.07426053503322551,-0.023417156077734952,PL,3
Polish People's Party,-0.0196558831475541,0.040675581583004404,-0.044393721885488416,0.0050819555903802195,PL,3
Spring,-0.059005089180102735,1.0782117761975258e-07,-0.0875928959982315,-0.03041728236197396,PL,3
German minority,0.0004732242102244925,0.9587195618586267,-0.02308123337296716,0.024027681793416144,PL,3
Kukiz'15,0.059742507845932526,2.036970287548663e-10,0.035565671994202436,0.08391934369766262,PL,3
Civic Platform,-0.030165929469666626,0.1381994490654937,-0.08258493435929745,0.0222530754199642,PL,3
Other,0.06800301489543742,1.6675380061564204e-12,0.04322393971709707,0.09278209007377777,PL,3
National Movement,0.18247013546619578,1.242346243895364e-65,0.15523831023540155,0.20970196069699001,PL,3
Law and Justice,0.1284941031428814,7.027244423936734e-11,0.07778618033039898,0.17920202595536383,PL,3
Left Together,-0.04017962203188065,7.28517782514407e-05,-0.06626311302978441,-0.014096131033976896,PL,3
Coalition for the Renewal of the Republic -- Liberty and Hope,0.3620458495203722,2.5669048903763284e-290,0.3372184428678869,0.38687325617285756,PL,4
Democratic Left Alliance,-0.020807663217185322,0.01453302179053496,-0.04273972230335004,0.0011243958689793956,PL,4
Polish People's Party,-0.012754309100181417,0.11860115011313702,-0.03380686557890408,0.008298247378541245,PL,4
Spring,-0.04129495305018774,1.4595077281860263e-05,-0.06582683125366848,-0.016763074846707,PL,4
German minority,-0.013870072309509339,0.07600685283670547,-0.0340070420730921,0.006266897454073422,PL,4
Kukiz'15,0.06228360109087129,9.47776320361932e-15,0.04159795321908549,0.08296924896265709,PL,4
Civic Platform,-0.040850308038241814,0.018384313306650912,-0.08547949833735331,0.0037788822608696843,PL,4
Other,0.057760922030455235,4.138267882412266e-12,0.03631968354713175,0.07920216051377872,PL,4
National Movement,0.19176642835198118,1.1187876829468053e-100,0.168817733085299,0.21471512361866338,PL,4
Law and Justice,0.13345693229097771,5.724558314634527e-15,0.08949627872592938,0.17741758585602604,PL,4
Left Together,-0.06028342992563988,2.826421507708691e-12,-0.08248858526951937,-0.038078274581760385,PL,4
Basque Country Unite,-0.019161356327838337,0.0006034494870896233,-0.03354999911938437,-0.004772713536292305,ES,1
People's Alliance-Party,0.018872247479151907,0.02981264749923511,-0.0035033664607742147,0.04124786141907803,ES,1
Equo,-0.008959035850451727,0.10692943907924737,-0.023274000605799823,0.005355928904896367,ES,1
We Can,-0.04805867511127495,1.620195274241953e-16,-0.06305951407180307,-0.03305783615074683,ES,1
Spanish Socialist Workers Party,-0.18283660212617536,7.371373727687825e-92,-0.2059127976637949,-0.15976040658855584,ES,1
Galician Nationalist Bloc,-0.03447576640027923,8.274120679999976e-10,-0.04893549276552415,-0.020016040035034315,ES,1
Popular Unity Candidacy,-0.011073199881422932,0.055718454012938984,-0.025981750843003668,0.0038353510801578047,ES,1
Voice,0.2011608838604687,8.344262720695736e-134,0.18023575513079967,0.22208601259013774,ES,1
Canary Coalition,-0.003497045778172213,0.5297917064057301,-0.01783414686765033,0.010840055311305904,ES,1
Basque Nationalist Party,-0.016773247261533147,0.002624378706835422,-0.03113332225390935,-0.0024131722691569466,ES,1
In Common We Can,-0.009160433427741331,0.09934361856519881,-0.02347838792883336,0.005157521073350697,ES,1
independent politician,-0.029299320790821367,1.9071584314834941e-07,-0.04378711970654331,-0.014811521875099425,ES,1
Citizens -- Party of the Citizenry,-0.029160469410275662,2.3619292986010444e-06,-0.04507268014005801,-0.013248258680493313,ES,1
Democratic Convergence | Together for Catalonia,0.00336473576036804,0.5836339963354767,-0.012449480081287642,0.019178951602023722,ES,1
Other,-0.09350430577925958,1.0229732589791546e-45,-0.11044245177038026,-0.07656615978813891,ES,1
Republican Left of Catalonia,-0.026656168906790546,1.314451492548565e-05,-0.04241072826589569,-0.0109016095476854,ES,1
United We Can,-0.09227289846436598,2.118789008420718e-33,-0.11198244718773497,-0.072563349740997,ES,1
Compromise | A la valenciana,-0.02110671028465914,0.00015804092759465058,-0.03549581232021945,-0.006717608249098835,ES,1
Basque Country Unite,0.008075048417783108,0.005248655111245587,0.0006235336272716295,0.015526563208294587,ES,2
People's Alliance-Party,0.08185477527597729,6.931380847544754e-85,0.07106582471700046,0.09264372583495412,ES,2
Equo,-0.0013119835816507181,0.647870339805115,-0.008711445047611607,0.006087477884310172,ES,2
We Can,-0.030518530157365782,5.087257788731358e-24,-0.03829359407258839,-0.022743466242143177,ES,2
Spanish Socialist Workers Party,-0.09398275101258302,7.094423855768039e-97,-0.10556017077483441,-0.08240533125033163,ES,2
Galician Nationalist Bloc,-0.007579525643704797,0.008922156410854289,-0.015045447454018292,-0.00011360383339130333,ES,2
Popular Unity Candidacy,0.0013883911194869894,0.6422637250049471,-0.0063102971247986465,0.009087079363772626,ES,2
Voice,0.3284620533275751,0.0,0.3185068575680644,0.3384172490870858,ES,2
Canary Coalition,0.008807857657896807,0.002183897319170903,0.0014033922658763416,0.016212323049917272,ES,2
Basque Nationalist Party,-0.01190296500040648,3.619186000847966e-05,-0.019325530442564496,-0.004480399558248464,ES,2
In Common We Can,-0.003597102043610222,0.21092588680891036,-0.011003551992319092,0.0038093479050986473,ES,2
independent politician,0.004214757848136361,0.14759936526590492,-0.0032825840380033564,0.011712099734276078,ES,2
Citizens -- Party of the Citizenry,0.05794302091028432,2.78477561219626e-72,0.04964899982424448,0.06623704199632416,ES,2
Democratic Convergence | Together for Catalonia,0.04594041543851589,4.219569292717753e-47,0.03773506691074849,0.05414576396628329,ES,2
Other,-0.03190009427725107,6.835905837452424e-19,-0.04115421178681672,-0.02264597676768543,ES,2
Republican Left of Catalonia,0.002781795436459467,0.38019544241371483,-0.005383724552610162,0.010947315425529097,ES,2
United We Can,-0.04821611488371508,3.7293600976802436e-33,-0.05856557851217614,-0.037866651255254014,ES,2
Compromise | A la valenciana,-0.01447544238534406,5.393995183883828e-07,-0.021914868585826516,-0.007036016184861606,ES,2
Basque Country Unite,0.003504153479395919,0.10429741528741021,-0.0020525716820820605,0.009060878640873899,ES,3
People's Alliance-Party,0.20552867677820563,0.0,0.19730278512348223,0.21375456843292903,ES,3
Equo,0.006512424174788563,0.0024141312760228373,0.0009833000303514925,0.012041548319225635,ES,3
We Can,-0.007214460636931206,0.0013287947732436268,-0.013004153044950008,-0.0014247682289124045,ES,3
Spanish Socialist Workers Party,-0.018733125078541538,2.52754664706866e-08,-0.02739371819365198,-0.010072531963431093,ES,3
Galician Nationalist Bloc,-0.0042954595334858455,0.04819844034989839,-0.009895955916315258,0.0013050368493435676,ES,3
Popular Unity Candidacy,0.010462107988858538,2.6013920686348103e-06,0.004728536331057779,0.0161956796466593,ES,3
Voice,0.3949780859871964,0.0,0.38754335241741455,0.4024128195569783,ES,3
Canary Coalition,0.01680385235730407,4.720443781100017e-15,0.011279346994451645,0.022328357720156494,ES,3
Basque Nationalist Party,0.009667520509868603,7.096147220297319e-06,0.004122541710942403,0.015212499308794803,ES,3
In Common We Can,-0.0015994557259260281,0.4554114464474901,-0.0071190654282674935,0.003920153976415437,ES,3
independent politician,0.04206105412982769,2.246663996613918e-83,0.036464073074527106,0.047658035185128275,ES,3
Citizens -- Party of the Citizenry,0.14137445266327048,0.0,0.13511455434684636,0.1476343509796946,ES,3
Democratic Convergence | Together for Catalonia,0.0446961002143033,1.0194133154134121e-79,0.038610177588479726,0.050782022840126874,ES,3
Other,0.028779017633532945,1.3392437317790127e-27,0.02197088918035653,0.03558714608670936,ES,3
Republican Left of Catalonia,-0.008557710118465166,0.0002749501241572205,-0.014617086241746922,-0.0024983339951834107,ES,3
United We Can,-0.027689544171846405,9.762815438988604e-21,-0.035325993026657225,-0.020053095317035582,ES,3
Compromise | A la valenciana,-0.007229781222119482,0.0007861302596280863,-0.01277610976860866,-0.0016834526756303037,ES,3
Basque Country Unite,0.03479593672327772,7.175343211274694e-63,0.0294422772910869,0.040149596155468543,ES,4
People's Alliance-Party,0.0412041652555615,7.019190054207827e-39,0.033068127462949334,0.04934020304817367,ES,4
Equo,0.019077150886084096,1.8729964379668752e-20,0.01377637387501391,0.024377927897154282,ES,4
We Can,0.014017488223583077,8.915396981969111e-11,0.008449396473253185,0.01958557997391297,ES,4
Spanish Socialist Workers Party,0.009144135655585769,0.003562929950386326,0.001062502113812546,0.017225769197358992,ES,4
Galician Nationalist Bloc,-0.0004789783403792516,0.8177185718841198,-0.005832045008904381,0.004874088328145878,ES,4
Popular Unity Candidacy,0.044607884052516554,4.682461053437821e-95,0.03905601552239617,0.05015975258263694,ES,4
Voice,0.23363500599846115,0.0,0.22654497407054022,0.24072503792638208,ES,4
Canary Coalition,0.0009791852903535858,0.6346047636474751,-0.004327924595445684,0.006286295176152855,ES,4
Basque Nationalist Party,0.017398069187392895,4.3504703504177853e-17,0.012065366410302251,0.02273077196448354,ES,4
In Common We Can,0.01451432576508404,1.7548568630905246e-12,0.009213592862605178,0.0198150586675629,ES,4
independent politician,0.023655361835510903,7.643800115840168e-30,0.018286441861228183,0.029024281809793624,ES,4
Citizens -- Party of the Citizenry,0.04469739626139924,4.998161313924578e-80,0.03862231577670897,0.050772476746089513,ES,4
Democratic Convergence | Together for Catalonia,0.11331927243065057,0.0,0.10733552021115982,0.11930302465014132,ES,4
Other,0.05631079506467402,2.7374689676185327e-107,0.04972229599441562,0.06289929413493242,ES,4
Republican Left of Catalonia,0.05404888768740558,1.785754767990764e-122,0.0481373940865943,0.05996038128821686,ES,4
United We Can,0.051558217088080255,1.2136618543131184e-74,0.044295730813434527,0.05882070336272598,ES,4
Compromise | A la valenciana,0.022503435307814894,1.6262820268978174e-27,0.01717092338626578,0.027835947229364007,ES,4
Christian Democrats,-0.004806149356365325,0.9057709563218004,-0.10968030505840776,0.10006800634567711,SE,1
Greens,0.25419855618747333,1.8492513580871563e-09,0.1466137010648012,0.36178341131014546,SE,1
People's Party,0.0438037025141461,0.28591996409940895,-0.06217610746963441,0.1497835124979266,SE,1
Centre Party,0.030906355410922577,0.437993620047733,-0.07199942053290967,0.13381213135475484,SE,1
Moderate Party,-0.055248090570769015,0.29996180909044146,-0.19286659308061135,0.08237041193907332,SE,1
Other,0.09337054373582396,0.021523421744128766,-0.011317477077951221,0.19805856454959914,SE,1
Left Party (Communists),0.11727550591289473,0.03719334832869517,-0.027843002470563732,0.26239401429635323,SE,1
Social Democrats,0.1273958097022163,0.024722178750496315,-0.01882491145646814,0.27361653086090076,SE,1
Sweden Democrats,-0.01786128373603204,0.7078101391390735,-0.14095068114910492,0.10522811367704082,SE,1
Christian Democrats,-0.03927619739405018,0.3060577440573655,-0.13834224610290455,0.05978985131480419,SE,2
Greens,-0.08130508951408914,0.048199594592940403,-0.1874290494418971,0.024818870413718788,SE,2
People's Party,-0.004303394990029509,0.9077458565017662,-0.10021492621204274,0.09160813623198373,SE,2
Centre Party,-0.11486940821996548,0.002225936579288558,-0.21151103046387085,-0.018227785976060118,SE,2
Moderate Party,0.03531908206478213,0.5291147289243028,-0.10959856928306314,0.1802367334126274,SE,2
Other,0.05443250078489254,0.12229127456984488,-0.03645976555857943,0.1453247671283645,SE,2
Left Party (Communists),-0.09402222107822172,0.043231289799297176,-0.2139520267875486,0.02590758463110515,SE,2
Social Democrats,-0.23198143152183132,3.512614784017751e-06,-0.3600365949115847,-0.10392626813207795,SE,2
Sweden Democrats,0.20645559074961922,7.643912324730977e-05,0.07249301381198253,0.3404181676872559,SE,2
Christian Democrats,0.03691974290101061,0.0060214928470974545,0.0022972608526017693,0.07154222494941945,SE,4
Greens,-0.04935213036926832,0.0005287193307884678,-0.08602126877412092,-0.012682991964415712,SE,4
People's Party,-0.027041130391199465,0.039496094262952954,-0.06087443062819888,0.006792169845799952,SE,4
Centre Party,-0.07305747315073569,2.7670211449580706e-08,-0.10688726343512844,-0.039227682866342935,SE,4
Moderate Party,0.1916893568821446,1.206652422700368e-22,0.14150622708393104,0.24187248668035818,SE,4
Other,0.012390941272941942,0.3430644292026477,-0.021282344782383326,0.04606422732826721,SE,4
Left Party (Communists),-0.13141900243859472,4.163660261709634e-11,-0.18262383319829384,-0.0802141716788956,SE,4
Social Democrats,-0.0454149170198321,0.007670183390032432,-0.08928852421859332,-0.0015413098210708895,SE,4
Sweden Democrats,0.319486837645672,1.3952942498682577e-84,0.2780838124116564,0.36088986287968755,SE,4
Protestant Peoples Party,-0.022708821259840608,0.12129283217301239,-0.06047184766595526,0.015054205146274039,CH,4
Social Democratic Party of Switzerland,-0.1260530047235221,1.7533842975968614e-07,-0.1881327988999114,-0.06397321054713279,CH,4
Radical Democratic Party,0.05004934566126036,0.005365641243706846,0.003749168490638631,0.09634952283188208,CH,4
Catholic Conservative / Christian Democratic Peoples Party,-0.03599772134992301,0.023723154456973417,-0.07700104451900977,0.005005601819163742,CH,4
Green Liberal Party,-0.05194980184427081,0.0015344137488939977,-0.09417913351999121,-0.009720470168550412,CH,4
Ticino League,0.024530603339003816,0.09390442158376472,-0.013198003701444798,0.06225921037945243,CH,4
Swiss People's Party,0.2261730265526472,8.27207857841411e-26,0.1710549159221402,0.2812911371831542,CH,4
Conservative Democratic Party of Switzerland,0.011784341241523727,0.4309280887214967,-0.026769776660249225,0.05033845914329668,CH,4
Greens,-0.04560600787249422,0.008598789152726527,-0.09031262172022826,-0.0008993940247601778,CH,4
Conservatives,-0.15259088686021607,7.768913608378173e-42,-0.181539196341887,-0.12364257737854514,GB,1
Social Democratic and Labour Party,-0.00306437421097451,0.6201942154825144,-0.018993046659945702,0.012864298237996681,GB,1
Sinn Fein,-0.005522772763546876,0.38411884963352927,-0.021868977761882465,0.01082343223478871,GB,1
Alliance Party of Northern Ireland,-0.007137863823064885,0.25052567354087524,-0.023139435483043036,0.008863707836913266,GB,1
Labour,-0.05568321952909647,8.833470305000063e-06,-0.08795428263393448,-0.023412156424258444,GB,1
independent politician,-0.016052507895599775,0.008221259246522221,-0.03169790459615214,-0.0004071111950474139,GB,1
Green Party,0.010612777452193922,0.08868654114134764,-0.00544592803327432,0.026671482937662163,GB,1
Other,-0.021413498296932044,0.0019522045621450357,-0.03922055707822339,-0.0036064395156407032,GB,1
Plaid Cymru,-0.048608970736139,1.805075214165302e-15,-0.06434073333786616,-0.032877208134411834,GB,1
Liberals,-0.028335411640815523,1.3409893917292503e-05,-0.04509908047938595,-0.011571742802245096,GB,1
Scottish National Party,-0.030883736947661652,0.00010632875929105416,-0.05140763019152533,-0.010359843703797972,GB,1
Democratic Unionist Party,-0.006408314336102868,0.30942476372062394,-0.022649209736145447,0.009832581063939713,GB,1
Conservatives,0.10880700027304777,6.487469024584517e-227,0.10010092644146536,0.11751307410463017,GB,3
Social Democratic and Labour Party,-0.005988795277785662,0.0020256630589920513,-0.01098680328325977,-0.000990787272311556,GB,3
Sinn Fein,-0.007706900975959556,8.211164421010784e-05,-0.012747714109715973,-0.00266608784220314,GB,3
Alliance Party of Northern Ireland,-0.008205149199711912,2.400376645767875e-05,-0.013208697388830685,-0.00320160101059314,GB,3
Labour,-0.019751145168769142,2.7650677201939826e-06,-0.030604341559530734,-0.008897948778007548,GB,3
independent politician,0.03384969544010271,3.414235543423574e-71,0.028964000746162302,0.03873539013404312,GB,3
Green Party,0.01456803556885353,8.991610401189858e-14,0.009534727099861477,0.019601344037845584,GB,3
Other,0.13924744493982366,0.0,0.13301488410841375,0.14548000577123357,GB,3
Plaid Cymru,0.004052821942479869,0.03468045469520581,-0.0008899121835823885,0.008995556068542127,GB,3
Liberals,-0.006209322629578496,0.0017859384254122282,-0.011329570292829143,-0.0010890749663278482,GB,3
Scottish National Party,-0.060767415716430975,3.9357304946086584e-130,-0.06721272754934413,-0.05432210388351782,GB,3
Democratic Unionist Party,0.028641297239419716,2.576903636133886e-49,0.023644690931802055,0.03363790354703738,GB,3
Conservatives,0.05755028889764894,2.0635684961980678e-85,0.04998333801665774,0.06511723977864013,GB,4
Social Democratic and Labour Party,0.005302116446985967,0.001126275711557349,0.0011087979012785673,0.009495434992693367,GB,4
Sinn Fein,0.02150193189295413,3.854832348490031e-39,0.017270660864790333,0.025733202921117925,GB,4
Alliance Party of Northern Ireland,0.013304014110472096,3.466736659766158e-16,0.009102445508128165,0.017505582712816027,GB,4
Labour,-0.10205603711621669,5.386771658779025e-195,-0.11087529016719583,-0.09323678406523755,GB,4
independent politician,0.019980567723483486,2.4254160715548997e-36,0.015892802562653473,0.0240683328843135,GB,4
Green Party,-0.022569084888117173,3.8737065425806775e-43,-0.02679041120361078,-0.018347758572623565,GB,4
Other,0.13769209968122106,0.0,0.13250900550480793,0.1428751938576342,GB,4
Plaid Cymru,-0.01630613488351993,3.8757216958474696e-24,-0.020450218012204563,-0.012162051754835299,GB,4
Liberals,-0.05671680652892647,1.6369054580301629e-252,-0.0610176692265371,-0.052415943831315835,GB,4
Scottish National Party,-0.06932379092801905,6.422516191533677e-245,-0.07466235442554209,-0.063985227430496,GB,4
Democratic Unionist Party,0.06310911936234384,0.0,0.058915872694484096,0.06730236603020358,GB,4
